{
  "geometry": "sphere",
  "subdivisions_per_cube_edge": 33,
  "nominal_radius_m": 0.1,
  "max_solution_dofs": 20000,
  "nodes": 6536,
  "elements": 6534,
  "solution_dofs": 19608,
  "edge_min_m": 0.002914975044929789,
  "edge_mean_m": 0.004362918294000994,
  "edge_max_m": 0.006055048419766722,
  "center_jacobian_min_m2": 1.8781766270151228e-06,
  "center_jacobian_max_m2": 9.165902841429869e-06,
  "outward_center_fraction": 1.0,
  "radius_min_m": 0.09999999999999998,
  "radius_mean_m": 0.10000000000000002,
  "radius_max_m": 0.10000000000000003
}