{
  "geometry": "near_gap",
  "subdivisions_per_cube_edge": 28,
  "nominal_radius_m": 0.1,
  "max_solution_dofs": 20000,
  "nodes": 4706,
  "elements": 4704,
  "solution_dofs": 14118,
  "edge_min_m": 0.0007137881298776942,
  "edge_mean_m": 0.005265150652254533,
  "edge_max_m": 0.01167926030078035,
  "center_jacobian_min_m2": 1.2773786816385005e-07,
  "center_jacobian_max_m2": 1.267432212891231e-05,
  "outward_center_fraction": 1.0,
  "radius_min_m": 0.009999999999999998,
  "radius_mean_m": 0.08916925677283614,
  "radius_max_m": 0.09999999999999647
}