{
  "geometry": "sphere",
  "subdivisions_per_cube_edge": 12,
  "nominal_radius_m": 0.1,
  "max_solution_dofs": 20000,
  "nodes": 866,
  "elements": 864,
  "solution_dofs": 2598,
  "edge_min_m": 0.008297410447924591,
  "edge_mean_m": 0.011983219448058349,
  "edge_max_m": 0.01649610630897866,
  "center_jacobian_min_m2": 1.5818538111028735e-05,
  "center_jacobian_max_m2": 6.712165389443604e-05,
  "outward_center_fraction": 1.0,
  "radius_min_m": 0.09999999999999998,
  "radius_mean_m": 0.1,
  "radius_max_m": 0.10000000000000003
}